customer_id,age_group,gender,visit_freq,HH1,HH2,HH3,HH4,TC1,TC2,TC3,TC4,DU1,DU2,DU3,DU4,DB1,DB2,DB3,DB4,CT1,CT2,CT3,CS1,CS2,CS3
C0001,25-34,Nữ,Thường xuyên,3,4,4,3,4,3,3,4,4,4,4,4,3,3,4,4,4,4,4,5,4,4
C0002,35-44,Nam,Thường xuyên,4,5,4,4,3,3,3,3,3,3,4,3,3,3,3,4,3,3,3,3,4,4
C0003,25-34,Nữ,Thỉnh thoảng,3,4,4,4,4,3,4,4,2,3,3,3,3,3,3,3,4,4,4,3,3,4
C0004,45-54,Nam,Thường xuyên,3,4,4,3,5,5,4,5,5,4,4,4,4,4,4,4,4,4,4,4,4,4
C0005,25-34,Nam,Thỉnh thoảng,4,4,4,4,5,5,5,5,4,4,4,4,4,5,4,4,4,4,5,4,4,4
C0006,18-24,Nam,Thỉnh thoảng,4,4,4,4,4,4,4,3,4,4,4,4,4,4,4,4,4,4,4,4,4,4
C0007,35-44,Nữ,Thường xuyên,4,4,3,4,4,5,4,5,4,4,5,5,5,4,4,4,4,5,4,4,4,4
C0008,25-34,Nam,Thỉnh thoảng,4,4,4,4,4,3,3,4,3,4,3,4,3,3,3,2,3,4,4,3,4,4
C0009,18-24,Nữ,Thỉnh thoảng,4,4,4,4,4,4,4,4,5,5,5,5,3,3,4,4,4,4,5,4,4,4
C0010,25-34,Nam,Thường xuyên,5,5,5,5,4,4,4,4,4,4,4,3,4,5,4,4,4,4,4,4,4,4
C0011,35-44,Nữ,Thỉnh thoảng,4,5,4,4,4,4,4,4,4,4,4,5,5,5,5,5,4,4,4,5,5,4
C0012,25-34,Nam,Thỉnh thoảng,4,4,4,4,5,4,5,4,5,4,5,4,3,4,4,4,3,3,3,5,4,4
C0013,35-44,Nam,Thỉnh thoảng,4,4,4,4,4,5,5,4,4,4,4,4,3,3,4,4,4,4,3,4,4,4
C0014,35-44,Nam,Thường xuyên,5,5,5,5,5,5,5,5,4,4,4,4,4,4,3,4,4,4,3,5,5,4
C0015,55+,Nam,Thỉnh thoảng,5,5,5,5,4,4,4,4,4,4,4,4,4,4,4,4,4,4,4,4,4,4
C0016,25-34,Nam,Thường xuyên,3,3,3,3,4,4,3,4,5,4,4,4,4,4,4,4,5,4,4,4,4,4
C0017,45-54,Nam,Rất thường xuyên,4,5,5,4,4,4,4,4,4,4,4,4,4,4,4,4,4,4,4,3,4,4
C0018,55+,Nam,Thường xuyên,4,4,4,4,4,4,3,4,4,5,5,4,4,4,4,4,4,4,4,4,4,4
C0019,25-34,Nam,Thường xuyên,4,4,4,5,4,3,3,4,3,4,4,3,4,4,4,3,4,4,3,4,4,4
C0020,55+,Nữ,Lần đầu,4,5,4,4,5,5,5,5,4,4,3,3,5,4,4,5,5,5,5,4,5,4
C0021,55+,Nam,Thỉnh thoảng,4,3,4,4,5,4,3,4,5,4,4,4,4,4,4,4,4,4,5,4,3,4
C0022,25-34,Nữ,Thỉnh thoảng,4,3,4,3,5,4,5,4,4,4,5,5,4,4,3,4,5,5,5,4,4,3
C0023,25-34,Nam,Rất thường xuyên,3,4,3,3,5,5,4,5,4,4,4,4,4,4,4,4,4,4,4,4,4,4
C0024,18-24,Nữ,Thường xuyên,4,5,4,4,4,4,4,5,5,5,5,5,4,4,4,4,4,4,4,5,4,4
C0025,18-24,Nữ,Thỉnh thoảng,4,4,4,4,5,4,4,4,4,4,4,4,3,3,3,3,4,4,4,3,4,4
C0026,25-34,Nữ,Thường xuyên,3,4,4,4,3,4,4,4,4,4,4,4,3,4,4,3,4,3,4,4,4,4
C0027,45-54,Nữ,Lần đầu,3,3,4,3,5,4,4,4,4,5,5,5,3,3,3,3,5,4,5,4,4,4
C0028,35-44,Nam,Thỉnh thoảng,5,3,4,5,4,5,4,5,4,5,5,4,5,4,4,4,3,4,4,5,5,4
C0029,25-34,Nam,Thường xuyên,5,4,4,4,4,4,4,4,4,5,5,4,3,3,3,4,4,4,5,4,4,4
C0030,35-44,Nam,Thường xuyên,4,4,3,4,5,4,4,5,5,5,5,5,5,4,4,4,5,5,5,4,4,4
C0031,55+,Nữ,Thường xuyên,4,4,5,4,3,3,4,3,5,5,4,4,4,4,4,4,4,4,4,4,4,3
C0032,35-44,Nam,Thường xuyên,4,4,4,4,5,5,5,4,4,4,4,4,4,4,3,4,4,4,5,4,4,4
C0033,18-24,Nam,Lần đầu,4,4,4,4,5,5,5,5,5,5,4,4,4,4,4,4,5,5,5,4,4,4
C0034,45-54,Nam,Thỉnh thoảng,4,3,3,3,3,4,4,4,3,3,4,3,2,3,3,3,4,3,3,3,3,3
C0035,35-44,Nam,Thỉnh thoảng,4,4,3,4,4,4,4,5,2,3,3,3,3,4,4,4,4,3,3,4,4,4
C0036,18-24,Nữ,Lần đầu,3,3,4,3,4,4,4,4,4,4,4,4,4,4,4,4,4,3,3,3,4,4
C0037,25-34,Nữ,Lần đầu,4,5,5,5,3,4,4,3,5,4,4,3,4,4,4,4,4,4,4,4,4,4
C0038,25-34,Nam,Thỉnh thoảng,4,4,4,5,5,5,5,5,3,4,4,4,5,5,5,5,4,4,4,5,5,5
C0039,18-24,Nam,Rất thường xuyên,3,3,4,3,4,4,5,5,4,4,3,4,5,4,4,5,4,4,3,3,4,4
C0040,25-34,Nữ,Lần đầu,4,4,3,4,4,3,3,4,5,5,5,5,4,5,5,4,3,3,3,4,5,4
C0041,35-44,Nữ,Thường xuyên,4,4,4,4,5,5,5,5,5,4,5,5,3,4,4,4,4,5,5,5,5,4
C0042,25-34,Nam,Thỉnh thoảng,3,3,4,4,4,4,4,4,3,4,4,4,3,3,3,4,4,4,4,4,3,4
C0043,25-34,Nữ,Thường xuyên,3,4,4,3,4,4,4,4,4,4,4,5,5,4,4,4,5,4,4,4,4,3
C0044,25-34,Nam,Thường xuyên,4,4,4,4,4,4,4,5,4,4,4,3,3,4,3,3,4,4,4,3,4,4
C0045,25-34,Nữ,Thỉnh thoảng,5,4,5,4,3,3,3,4,4,4,4,5,3,3,4,4,5,5,4,4,4,4
C0046,25-34,Nữ,Rất thường xuyên,4,5,5,5,4,4,4,4,5,4,5,5,4,4,5,5,5,4,4,5,5,4
C0047,45-54,Nam,Thỉnh thoảng,4,4,4,4,4,4,4,4,4,4,4,4,4,4,4,4,4,5,4,4,4,4
C0048,35-44,Nam,Thỉnh thoảng,4,4,4,4,4,4,4,5,4,4,4,5,2,3,2,3,3,3,3,3,4,4
C0049,25-34,Nam,Thỉnh thoảng,4,4,3,4,4,4,4,4,4,4,4,5,4,4,4,5,4,5,4,4,5,4
C0050,25-34,Nam,Rất thường xuyên,4,4,5,4,5,5,5,5,4,4,4,4,4,4,4,5,4,4,4,4,4,5
C0051,55+,Nam,Lần đầu,4,4,4,4,4,4,3,4,2,3,3,4,4,3,4,3,4,3,3,4,4,4
C0052,25-34,Nữ,Thỉnh thoảng,4,5,5,4,4,4,4,4,4,4,4,3,4,3,4,4,3,4,3,4,4,4
C0053,45-54,Nữ,Thỉnh thoảng,3,3,4,3,4,4,4,4,3,4,4,4,3,3,4,3,4,3,4,3,4,4
C0054,25-34,Nữ,Thỉnh thoảng,3,4,4,4,4,5,5,5,4,3,4,4,3,3,4,4,4,4,3,3,4,4
C0055,18-24,Nam,Thường xuyên,4,4,4,4,4,4,4,4,5,5,4,4,4,4,3,3,4,4,4,4,5,4
C0056,25-34,Nam,Thường xuyên,3,4,3,3,4,3,4,4,3,4,3,4,4,3,3,3,2,3,2,4,4,3
C0057,35-44,Nữ,Thường xuyên,4,5,4,4,5,5,5,5,4,4,3,4,5,4,5,5,5,5,5,5,5,5
C0058,25-34,Nam,Thỉnh thoảng,4,3,4,4,5,4,4,5,4,5,5,4,4,4,4,4,4,4,4,5,5,5
C0059,35-44,Nữ,Thỉnh thoảng,5,5,5,5,5,5,5,5,4,4,3,4,4,4,4,5,4,4,4,5,5,4
C0060,25-34,Nữ,Thỉnh thoảng,4,4,3,4,4,3,4,4,4,4,3,3,4,4,4,4,3,4,4,4,4,4
C0061,25-34,Nữ,Thỉnh thoảng,4,4,4,4,4,4,4,4,5,5,5,4,4,4,5,5,4,4,4,5,4,5
C0062,18-24,Nữ,Thường xuyên,4,4,5,4,5,4,4,5,3,3,4,3,4,4,5,4,4,4,4,4,4,4
C0063,45-54,Nữ,Rất thường xuyên,3,3,4,3,4,4,5,4,4,5,4,3,3,3,3,4,3,3,3,3,4,4
C0064,25-34,Nam,Rất thường xuyên,5,4,4,4,4,4,3,3,5,4,5,4,4,4,3,4,4,4,4,5,5,5
C0065,35-44,Nữ,Lần đầu,5,4,4,4,4,5,5,4,4,4,4,5,4,4,3,3,4,5,5,4,4,4
C0066,25-34,Nam,Rất thường xuyên,4,4,4,4,4,4,4,4,4,5,4,5,5,4,4,5,4,5,4,5,5,4
C0067,25-34,Nữ,Rất thường xuyên,4,5,5,4,3,3,4,4,4,3,4,4,4,3,5,4,4,4,4,4,3,4
C0068,25-34,Nữ,Thỉnh thoảng,4,3,3,3,3,3,3,3,3,4,4,4,4,4,4,4,3,3,3,4,4,4
C0069,25-34,Nam,Rất thường xuyên,4,4,4,4,5,4,4,4,4,4,4,4,4,4,4,3,5,4,5,4,4,4
C0070,45-54,Nữ,Thường xuyên,4,5,4,4,3,4,3,3,3,4,4,4,3,3,4,4,3,3,3,3,4,4
C0071,25-34,Nam,Thường xuyên,4,4,4,4,3,4,4,3,3,4,3,3,4,4,4,4,4,5,4,3,4,4
C0072,25-34,Nữ,Rất thường xuyên,4,4,4,5,4,4,4,4,4,3,4,4,4,4,4,4,5,5,4,5,5,4
C0073,55+,Nam,Thường xuyên,4,3,3,3,3,4,3,4,3,4,4,4,4,3,3,4,4,4,4,4,4,5
C0074,25-34,Nữ,Rất thường xuyên,4,4,4,5,4,4,4,4,3,3,4,4,3,4,4,4,4,3,4,3,4,4
C0075,25-34,Nữ,Thỉnh thoảng,4,4,4,4,4,4,3,3,4,3,3,3,4,3,3,3,4,4,4,3,3,3
C0076,55+,Nữ,Thỉnh thoảng,5,4,5,4,3,2,3,3,3,3,3,2,4,4,4,4,3,4,2,3,4,3
C0077,25-34,Nữ,Thỉnh thoảng,4,4,4,5,4,4,4,4,3,3,3,4,3,4,3,3,3,4,3,4,5,4
C0078,25-34,Nữ,Thỉnh thoảng,4,4,4,4,3,4,3,4,4,5,5,5,4,4,4,4,4,4,4,4,4,5
C0079,35-44,Nam,Thỉnh thoảng,5,5,5,5,4,4,4,5,3,3,4,3,4,4,4,4,4,3,3,4,4,4
C0080,35-44,Nữ,Lần đầu,3,4,4,3,5,4,5,5,4,3,3,4,3,4,4,4,5,5,4,4,4,4
C0081,18-24,Nữ,Thường xuyên,5,3,4,4,4,4,4,3,4,3,4,4,5,5,4,4,4,4,4,4,4,4
C0082,25-34,Nữ,Thỉnh thoảng,4,4,4,4,5,4,4,4,3,4,4,4,3,4,3,5,3,4,4,3,4,3
C0083,25-34,Nữ,Thỉnh thoảng,4,5,5,4,4,5,5,5,3,3,3,3,4,4,4,4,4,4,3,4,4,4
C0084,18-24,Nam,Thường xuyên,4,5,4,4,5,4,5,5,4,4,4,5,5,5,5,5,4,5,4,5,5,5
C0085,25-34,Nữ,Thường xuyên,4,4,4,4,4,5,3,4,5,4,4,4,5,4,4,4,5,5,5,5,4,4
C0086,18-24,Nam,Thường xuyên,4,5,5,5,4,5,4,4,4,4,4,4,5,5,5,5,4,4,4,4,4,5
C0087,25-34,Nam,Thường xuyên,3,3,4,3,4,4,4,4,3,3,3,3,4,4,4,5,5,4,4,4,3,4
C0088,35-44,Nữ,Thỉnh thoảng,4,4,4,4,4,3,4,4,4,4,4,4,4,4,4,4,4,4,4,4,4,4
C0089,25-34,Nữ,Thỉnh thoảng,3,4,4,4,4,4,3,3,4,4,5,4,3,3,3,3,2,2,2,5,4,3
C0090,25-34,Nữ,Lần đầu,4,5,4,5,3,3,3,3,4,4,5,5,4,4,4,4,4,4,4,4,4,4
C0091,18-24,Nữ,Thường xuyên,4,3,4,3,4,4,4,4,4,5,4,4,4,5,4,4,4,4,4,4,4,4
C0092,35-44,Nữ,Rất thường xuyên,4,4,4,4,5,4,4,4,3,3,2,3,4,4,4,3,4,4,4,4,4,4
C0093,25-34,Nam,Thỉnh thoảng,5,4,3,4,4,3,4,3,4,3,3,4,3,3,3,3,4,4,4,4,4,4
C0094,18-24,Nữ,Lần đầu,4,4,4,4,3,3,3,3,4,5,4,4,4,4,4,5,5,4,5,4,4,3
C0095,25-34,Nam,Thỉnh thoảng,4,4,4,3,4,3,3,3,4,4,3,4,4,4,4,4,4,4,4,3,4,4
C0096,45-54,Nam,Thường xuyên,4,5,4,4,4,4,4,4,4,4,4,5,4,4,4,4,4,3,4,5,5,5
C0097,18-24,Nữ,Thường xuyên,4,4,4,4,4,3,4,4,4,4,4,4,3,3,3,3,4,3,4,3,3,4
C0098,25-34,Nam,Thường xuyên,4,5,4,4,4,4,4,3,4,4,4,5,4,4,4,5,4,4,4,4,3,3
C0099,18-24,Nam,Thỉnh thoảng,4,3,4,4,3,4,4,4,3,4,4,4,4,4,4,5,5,5,4,5,4,5
C0100,35-44,Nữ,Thỉnh thoảng,4,5,5,4,4,4,4,4,4,3,3,4,4,5,3,4,4,4,3,3,4,4
C0101,35-44,Nữ,Thỉnh thoảng,4,4,4,4,5,5,4,4,4,4,5,4,4,4,4,4,5,5,5,4,4,5
C0102,18-24,Nữ,Thỉnh thoảng,4,4,5,3,4,3,3,3,3,4,4,4,4,3,3,3,4,4,4,3,4,4
C0103,18-24,Nữ,Thỉnh thoảng,4,4,4,4,4,5,4,5,3,4,4,4,4,4,4,4,3,4,4,4,5,4
C0104,45-54,Nam,Thường xuyên,5,4,4,4,3,4,4,4,4,4,4,4,4,4,4,3,4,4,4,4,4,4
C0105,25-34,Nữ,Thỉnh thoảng,3,3,4,3,4,4,4,4,4,4,4,4,4,3,3,4,3,3,2,4,4,4
C0106,25-34,Nam,Thỉnh thoảng,4,5,4,5,4,4,4,4,4,5,5,5,4,4,4,4,3,3,3,4,4,3
C0107,25-34,Nam,Thỉnh thoảng,4,5,4,4,4,3,4,4,4,4,4,4,3,4,3,3,4,4,3,4,3,3
C0108,25-34,Nam,Thỉnh thoảng,4,4,5,4,4,4,4,4,3,2,3,2,4,4,4,5,5,4,5,3,4,4
C0109,18-24,Nam,Thỉnh thoảng,4,4,4,4,5,5,5,5,4,3,4,5,3,4,4,3,4,5,5,4,4,5
C0110,18-24,Nam,Thỉnh thoảng,5,4,5,4,5,4,4,4,3,3,4,3,5,4,5,5,4,4,4,4,5,4
C0111,25-34,Nữ,Rất thường xuyên,5,5,5,5,3,3,4,4,4,4,5,3,3,4,3,3,5,4,5,4,3,4
C0112,35-44,Nam,Thỉnh thoảng,4,4,4,4,4,3,4,4,4,4,3,4,5,4,3,4,3,3,2,4,4,4
C0113,25-34,Nữ,Thường xuyên,5,5,5,5,4,4,4,4,3,4,3,3,4,4,4,4,4,4,4,4,5,4
C0114,25-34,Nam,Thỉnh thoảng,3,3,3,3,3,4,4,4,4,4,3,3,5,5,5,5,4,4,3,3,4,4
C0115,35-44,Nữ,Thỉnh thoảng,4,4,4,4,5,4,4,5,3,4,4,4,3,3,3,3,4,3,4,4,4,4
C0116,25-34,Nữ,Lần đầu,5,4,5,5,5,5,5,4,4,3,3,3,4,4,4,4,4,4,4,4,5,4
C0117,45-54,Nam,Thường xuyên,3,3,3,3,3,4,3,4,4,3,3,3,3,4,3,4,3,3,3,3,3,3
C0118,25-34,Nam,Thỉnh thoảng,3,4,3,4,4,5,4,4,3,3,4,4,4,5,4,4,5,5,5,4,4,4
C0119,25-34,Nữ,Lần đầu,4,3,3,3,3,4,3,4,5,4,5,5,3,3,3,3,3,3,3,4,3,3
C0120,25-34,Nam,Thỉnh thoảng,4,4,5,4,3,3,4,4,4,4,4,5,3,3,3,4,4,3,4,4,3,4
C0121,25-34,Nữ,Thường xuyên,4,4,3,3,3,2,3,3,4,4,5,4,3,3,2,3,4,3,3,3,4,3
C0122,25-34,Nam,Thường xuyên,4,4,4,4,3,4,3,4,4,4,4,4,4,5,4,4,3,4,3,4,4,5
C0123,18-24,Nữ,Rất thường xuyên,4,5,4,4,4,4,4,4,4,3,5,4,4,4,4,3,4,5,5,4,4,4
C0124,25-34,Nam,Thường xuyên,4,3,4,4,5,5,5,5,3,4,3,4,4,4,4,4,4,4,4,4,5,5
C0125,18-24,Nữ,Thường xuyên,4,4,4,4,5,5,5,4,4,4,4,5,3,4,3,4,4,4,3,4,4,4
C0126,18-24,Nam,Thường xuyên,4,4,4,4,4,4,5,4,4,4,4,4,3,4,3,3,4,3,4,4,3,4
C0127,35-44,Nữ,Thỉnh thoảng,4,4,4,3,4,4,3,3,3,4,3,5,4,3,4,4,3,4,3,4,4,4
C0128,25-34,Nam,Thường xuyên,4,3,4,4,3,4,3,3,3,4,4,3,4,4,4,3,4,4,4,3,4,4
C0129,45-54,Nữ,Thường xuyên,4,3,4,3,5,4,4,5,5,4,4,5,5,5,4,5,4,4,4,4,4,5
C0130,25-34,Nữ,Thường xuyên,4,4,4,4,3,4,3,3,4,4,4,4,3,3,4,4,4,4,4,4,4,4
C0131,45-54,Nữ,Thỉnh thoảng,4,4,5,4,3,3,3,3,5,5,5,5,5,5,5,5,4,4,4,4,4,4
C0132,18-24,Nữ,Thường xuyên,5,5,5,5,4,4,5,5,4,4,4,5,4,4,4,4,5,4,4,4,4,5
C0133,25-34,Nam,Thỉnh thoảng,5,5,5,5,5,4,5,4,4,3,4,4,4,4,3,3,4,4,4,4,4,5
C0134,18-24,Nam,Thường xuyên,4,4,4,3,4,5,4,4,3,3,3,3,3,4,4,3,4,4,4,5,4,4
C0135,25-34,Nữ,Lần đầu,2,3,3,3,3,3,3,4,3,3,3,3,3,4,3,3,4,3,4,3,3,3
C0136,55+,Nam,Thỉnh thoảng,5,5,5,5,4,4,5,4,4,5,5,5,4,4,5,5,4,4,5,4,4,4
C0137,35-44,Nữ,Thường xuyên,4,3,4,4,3,4,3,4,5,5,5,4,4,5,5,5,3,3,3,4,5,4
C0138,55+,Nam,Thỉnh thoảng,4,4,4,3,4,3,4,4,3,4,3,4,4,3,5,4,4,4,4,4,4,4
C0139,35-44,Nữ,Thường xuyên,4,4,4,3,4,4,4,4,4,4,4,4,5,4,5,5,3,3,3,4,4,3
C0140,35-44,Nữ,Thỉnh thoảng,4,3,3,3,4,3,3,3,3,2,3,3,3,3,4,3,3,3,3,3,3,3
C0141,55+,Nữ,Rất thường xuyên,4,4,3,4,4,4,3,3,5,5,4,4,4,3,3,5,4,3,4,4,4,4
C0142,25-34,Nam,Rất thường xuyên,4,4,4,4,4,4,4,4,3,4,4,4,4,4,4,4,4,4,4,4,5,4
C0143,18-24,Nam,Thỉnh thoảng,4,3,3,4,5,5,5,5,4,4,3,4,4,4,3,4,4,4,3,4,4,4
C0144,25-34,Nam,Thỉnh thoảng,4,5,4,4,5,5,5,4,4,4,5,4,5,4,4,4,5,5,4,5,4,4
C0145,45-54,Nữ,Thường xuyên,5,5,5,4,5,5,5,4,4,3,4,4,5,4,4,5,4,3,5,4,4,4
C0146,25-34,Nữ,Thỉnh thoảng,5,5,5,5,4,4,4,5,4,4,4,4,5,5,4,5,5,4,4,4,4,4
C0147,25-34,Nam,Thỉnh thoảng,4,5,4,4,4,5,5,4,4,4,5,5,4,3,4,4,3,4,4,4,4,4
C0148,25-34,Nam,Thỉnh thoảng,4,4,4,4,3,3,3,3,4,4,4,3,3,4,4,4,4,4,4,3,4,4
C0149,25-34,Nữ,Thỉnh thoảng,5,5,5,5,4,3,3,4,4,4,4,4,4,4,5,4,3,3,4,4,4,4
C0150,35-44,Nữ,Thỉnh thoảng,4,4,5,3,5,5,5,5,4,4,4,4,4,4,4,5,5,5,4,5,4,4
C0151,25-34,Nữ,Thường xuyên,3,3,3,3,4,4,4,4,4,5,4,4,4,3,3,3,4,4,4,3,3,4
C0152,25-34,Nữ,Thỉnh thoảng,4,3,4,4,5,5,4,5,4,5,4,4,4,3,4,4,4,5,4,5,4,4
C0153,25-34,Nam,Thỉnh thoảng,5,4,4,4,5,4,5,4,4,4,4,4,4,4,5,4,4,4,3,4,4,3
C0154,18-24,Nữ,Thỉnh thoảng,4,4,4,4,4,4,4,4,3,4,3,3,4,5,5,5,3,4,4,4,4,4
C0155,25-34,Nữ,Thỉnh thoảng,4,3,4,4,3,4,4,3,5,4,4,4,5,4,4,4,4,4,4,4,4,4
C0156,45-54,Nam,Lần đầu,5,4,4,4,3,4,4,4,4,4,4,3,5,4,4,4,5,4,4,4,4,4
C0157,25-34,Nữ,Thỉnh thoảng,3,3,3,3,4,4,4,4,5,5,4,5,4,4,4,4,4,3,4,5,4,4
C0158,35-44,Nữ,Rất thường xuyên,4,4,4,5,4,4,4,4,2,3,3,3,3,2,3,3,4,4,4,3,3,3
C0159,35-44,Nữ,Rất thường xuyên,4,4,4,4,4,5,4,4,4,5,4,5,4,4,4,4,4,4,4,5,4,5
C0160,18-24,Nam,Thường xuyên,4,4,3,4,3,3,3,3,4,4,4,4,5,4,4,4,4,5,5,5,4,3
C0161,18-24,Nam,Thỉnh thoảng,3,3,4,4,4,3,3,3,4,5,4,4,5,4,4,5,4,4,4,3,3,4
C0162,25-34,Nam,Thường xuyên,4,4,4,4,4,4,4,4,3,4,4,4,5,5,5,5,4,4,4,3,4,4
C0163,25-34,Nữ,Lần đầu,5,5,5,4,3,4,4,4,5,4,5,5,4,4,4,5,4,4,4,4,4,5
C0164,35-44,Nữ,Thỉnh thoảng,5,5,5,5,4,4,4,5,4,4,5,5,4,4,4,4,4,4,3,5,4,5
C0165,18-24,Nam,Thỉnh thoảng,5,5,4,4,4,4,4,4,4,4,5,5,4,4,3,3,4,4,4,4,4,4
C0166,25-34,Nữ,Thỉnh thoảng,3,4,3,3,3,3,3,3,4,4,3,4,4,5,4,4,4,3,4,4,3,3
C0167,35-44,Nam,Thường xuyên,5,4,4,4,4,4,5,4,4,5,5,5,3,3,3,3,4,5,4,4,5,4
C0168,25-34,Nữ,Lần đầu,3,3,3,3,5,5,5,5,5,5,4,5,4,4,5,4,4,5,4,4,5,5
C0169,45-54,Nam,Rất thường xuyên,5,4,4,5,5,4,4,5,5,5,5,4,4,4,5,4,5,5,5,4,5,4
C0170,35-44,Nam,Thường xuyên,4,4,3,3,3,4,3,3,5,5,5,5,3,3,4,4,4,5,4,5,4,5
C0171,45-54,Nam,Thường xuyên,4,3,4,4,4,4,4,4,3,3,4,4,4,4,4,5,4,4,5,4,4,4
C0172,45-54,Nữ,Lần đầu,4,5,4,4,4,4,4,5,4,4,4,4,5,5,4,4,5,4,5,5,5,5
C0173,35-44,Nữ,Rất thường xuyên,3,3,3,3,5,5,4,4,5,4,5,5,3,4,4,4,4,5,4,4,5,4
C0174,45-54,Nam,Thỉnh thoảng,5,5,4,4,4,5,4,4,5,4,4,4,4,3,4,4,4,4,4,5,5,4
C0175,45-54,Nữ,Thường xuyên,5,4,4,4,3,3,3,4,5,5,5,5,3,4,4,4,3,4,4,4,4,4
C0176,35-44,Nữ,Thỉnh thoảng,3,4,3,3,3,3,3,4,4,4,3,3,4,4,4,4,4,4,4,4,4,4
C0177,35-44,Nam,Thỉnh thoảng,4,4,4,4,4,4,4,4,5,5,5,5,3,3,3,3,4,4,4,4,5,4
C0178,45-54,Nữ,Thỉnh thoảng,3,4,4,4,3,3,3,3,3,4,4,4,4,4,3,4,5,4,4,3,3,3
C0179,35-44,Nữ,Thường xuyên,3,3,3,4,4,5,4,4,4,4,4,4,4,3,3,3,3,3,4,4,4,3
C0180,55+,Nam,Thường xuyên,5,4,4,4,4,4,4,4,3,3,3,3,4,4,4,4,4,4,4,4,5,5
C0181,25-34,Nam,Thường xuyên,5,5,4,4,4,4,4,4,5,4,3,4,4,3,3,3,4,4,5,4,4,3
C0182,35-44,Nữ,Rất thường xuyên,4,5,5,4,3,4,3,3,4,4,3,3,5,5,4,5,4,4,4,4,4,3
C0183,25-34,Nữ,Thường xuyên,4,3,3,3,4,3,4,3,4,4,4,3,4,5,4,5,3,3,4,4,4,4
C0184,25-34,Nam,Thỉnh thoảng,4,4,3,4,4,4,4,4,4,4,3,3,4,3,4,4,4,4,3,4,4,4
C0185,18-24,Nữ,Lần đầu,5,4,4,5,4,4,4,4,4,4,4,4,4,4,3,4,5,5,5,4,4,4
C0186,25-34,Nữ,Thỉnh thoảng,5,5,5,4,3,3,3,3,4,4,4,4,4,4,4,4,3,4,3,4,4,4
C0187,25-34,Nam,Thỉnh thoảng,4,3,4,3,4,5,4,4,4,3,4,3,3,4,4,4,4,4,4,3,4,3
C0188,45-54,Nam,Rất thường xuyên,4,4,5,4,5,5,5,4,4,5,4,4,5,4,5,5,3,4,3,5,5,5
C0189,45-54,Nữ,Thỉnh thoảng,4,4,3,4,5,5,5,4,4,4,3,3,4,4,3,4,3,3,4,3,4,3
C0190,25-34,Nữ,Thường xuyên,3,4,4,4,4,5,4,4,4,4,4,3,5,4,5,4,5,5,4,4,5,4
C0191,25-34,Nữ,Thường xuyên,4,4,5,4,4,4,3,3,5,5,5,5,5,5,5,4,4,5,5,4,4,4
C0192,25-34,Nam,Thỉnh thoảng,3,2,4,3,3,3,4,4,4,4,4,4,4,3,4,3,4,4,5,3,4,4
C0193,18-24,Nữ,Thường xuyên,4,4,4,3,4,4,4,4,5,5,5,5,3,3,4,3,4,4,4,4,4,4
C0194,25-34,Nữ,Rất thường xuyên,5,4,4,4,4,4,4,4,4,3,4,4,3,3,4,3,3,4,4,4,4,3
C0195,18-24,Nữ,Thường xuyên,5,5,5,5,3,4,4,4,3,4,4,3,5,5,5,5,4,5,5,4,4,4
C0196,35-44,Nam,Thường xuyên,3,4,4,3,4,5,4,5,4,4,4,4,3,4,4,5,4,4,3,4,4,4
C0197,35-44,Nam,Thỉnh thoảng,3,3,3,3,2,2,3,3,3,4,3,4,4,3,3,4,4,4,4,3,4,3
C0198,35-44,Nữ,Thỉnh thoảng,5,5,4,5,4,4,4,4,3,2,3,3,4,4,4,3,3,3,3,4,4,4
C0199,25-34,Nữ,Thỉnh thoảng,4,3,4,3,3,3,4,4,3,3,3,3,3,3,3,3,4,4,4,3,3,4
C0200,55+,Nam,Thỉnh thoảng,3,3,4,3,3,3,3,3,4,4,4,5,4,5,4,4,4,4,4,3,3,4
C0201,35-44,Nam,Thỉnh thoảng,4,4,4,4,3,4,3,3,4,4,4,4,4,3,3,3,3,4,3,3,4,4
C0202,35-44,Nam,Rất thường xuyên,5,5,5,5,5,4,5,5,5,4,5,4,4,5,5,4,4,4,4,5,5,5
C0203,25-34,Nam,Thường xuyên,4,5,4,5,4,4,4,4,4,4,4,4,4,4,4,3,5,5,5,4,5,4
C0204,25-34,Nam,Thỉnh thoảng,4,5,5,4,3,3,4,3,3,3,3,4,4,4,4,3,4,4,3,4,3,3
C0205,25-34,Nam,Thường xuyên,4,4,4,5,4,4,4,4,3,4,3,3,5,5,5,5,3,4,3,4,4,4
C0206,18-24,Nữ,Rất thường xuyên,5,5,5,5,4,4,4,5,5,5,5,5,3,4,4,4,3,4,5,4,4,4
C0207,35-44,Nữ,Thỉnh thoảng,4,4,3,4,5,4,5,4,3,4,3,3,4,4,3,4,5,5,5,4,4,4
C0208,18-24,Nữ,Thường xuyên,3,3,4,3,4,4,3,3,4,4,4,4,3,3,3,3,4,4,4,4,5,4
C0209,45-54,Nam,Thỉnh thoảng,4,4,4,4,3,3,4,4,4,4,4,4,4,4,4,4,4,5,4,4,5,4
C0210,25-34,Nữ,Thỉnh thoảng,4,3,3,3,4,3,4,3,4,5,4,4,4,5,4,4,4,4,5,4,4,4
C0211,25-34,Nam,Lần đầu,4,3,4,3,4,4,3,3,4,4,4,3,3,3,4,4,2,2,2,3,3,4
C0212,35-44,Nữ,Thỉnh thoảng,4,5,5,4,5,5,5,5,5,5,5,5,3,4,4,4,4,4,4,5,4,5
C0213,18-24,Nữ,Thỉnh thoảng,4,3,4,4,4,3,4,4,4,3,3,4,4,4,4,3,5,4,5,4,4,4
C0214,25-34,Nam,Thường xuyên,4,4,4,4,5,5,4,5,4,4,4,4,4,5,4,4,4,4,4,4,4,4
C0215,25-34,Nữ,Thường xuyên,5,4,4,4,4,3,4,3,2,3,3,3,3,3,3,4,3,3,3,4,3,4
C0216,35-44,Nữ,Thỉnh thoảng,5,5,5,4,5,5,5,4,5,4,4,4,5,4,4,4,4,4,4,4,5,5
C0217,55+,Nữ,Rất thường xuyên,4,3,3,4,5,4,4,4,4,4,3,4,4,4,4,4,4,3,4,4,4,4
C0218,55+,Nữ,Rất thường xuyên,4,4,4,3,4,4,3,3,3,4,3,3,3,3,3,3,3,3,3,4,4,4
C0219,25-34,Nữ,Thỉnh thoảng,3,2,3,2,5,5,5,5,4,4,4,5,3,4,4,4,3,4,4,4,4,4
C0220,35-44,Nữ,Thỉnh thoảng,3,4,4,3,5,4,5,5,4,3,4,3,3,3,3,3,2,3,4,4,4,4
C0221,35-44,Nữ,Rất thường xuyên,4,4,4,4,4,4,4,3,4,5,4,4,4,4,4,4,3,3,3,4,4,4
C0222,25-34,Nữ,Thỉnh thoảng,4,5,3,5,4,4,4,4,3,4,4,4,4,3,4,4,4,4,4,4,4,4
C0223,25-34,Nam,Thỉnh thoảng,4,4,5,4,4,4,4,5,4,4,4,4,5,5,4,4,4,5,4,4,4,4
C0224,35-44,Nữ,Thỉnh thoảng,5,4,5,5,4,4,4,4,4,4,4,4,4,3,3,4,4,5,4,4,4,4
C0225,25-34,Nam,Thỉnh thoảng,4,4,4,4,5,4,5,4,4,3,3,4,4,4,4,4,5,5,5,4,4,4
C0226,25-34,Nữ,Thường xuyên,4,5,4,5,4,3,4,4,4,3,4,3,4,5,4,4,4,4,4,3,4,4
C0227,18-24,Nữ,Lần đầu,3,5,3,3,3,3,3,4,4,3,4,4,4,4,4,3,3,3,3,3,3,3
C0228,18-24,Nữ,Thường xuyên,4,4,4,4,5,5,5,5,5,5,4,5,4,4,4,4,3,4,4,4,4,4
C0229,25-34,Nữ,Thỉnh thoảng,3,4,4,5,3,3,4,3,3,3,3,3,4,4,3,4,3,4,3,4,4,4
C0230,25-34,Nữ,Lần đầu,4,5,4,4,4,4,4,4,4,5,4,4,4,4,4,4,5,4,4,4,4,4
C0231,55+,Nam,Lần đầu,3,3,3,3,4,3,4,3,4,4,4,5,4,5,5,5,4,4,4,4,4,4
C0232,35-44,Nữ,Thỉnh thoảng,5,5,5,5,2,3,3,2,4,5,5,4,4,4,4,5,4,4,4,4,4,4
C0233,45-54,Nữ,Lần đầu,4,3,3,3,3,3,4,3,5,5,4,5,4,4,3,4,5,5,5,5,4,4
C0234,25-34,Nữ,Thỉnh thoảng,4,3,4,4,5,4,4,4,4,4,4,4,5,5,4,5,4,5,5,4,4,4
C0235,18-24,Nữ,Lần đầu,4,3,4,4,4,4,4,4,4,4,4,4,4,3,4,4,4,4,4,4,4,4
C0236,18-24,Nữ,Lần đầu,3,4,4,3,4,4,4,4,3,4,4,3,5,4,4,5,4,4,4,4,4,4
C0237,18-24,Nam,Thỉnh thoảng,4,4,5,4,4,4,4,4,3,3,3,3,4,5,4,3,3,4,5,4,4,5
C0238,25-34,Nữ,Rất thường xuyên,4,4,4,4,5,5,5,5,5,3,4,4,4,4,4,4,5,4,5,4,5,4
C0239,35-44,Nữ,Thỉnh thoảng,5,5,5,4,3,3,3,3,4,4,4,5,4,4,4,4,4,4,4,5,4,4
C0240,18-24,Nam,Thỉnh thoảng,4,4,4,5,4,4,4,3,4,4,4,4,5,5,5,5,4,4,4,4,4,4
C0241,35-44,Nữ,Lần đầu,3,4,3,3,3,3,3,3,4,3,3,3,5,4,3,4,3,4,3,3,3,3
C0242,25-34,Nữ,Rất thường xuyên,4,4,4,4,4,3,4,3,4,4,4,4,4,3,4,4,3,3,3,4,4,3
C0243,25-34,Nam,Thường xuyên,4,4,3,4,5,4,4,5,3,3,3,3,3,3,3,2,4,4,4,4,4,4
C0244,35-44,Nữ,Thường xuyên,3,4,4,4,4,3,3,3,5,4,4,4,3,3,3,3,3,3,3,4,4,4
C0245,45-54,Nữ,Thường xuyên,5,4,4,4,4,4,4,5,5,4,5,4,5,5,5,5,4,4,4,5,5,5
C0246,18-24,Nam,Thỉnh thoảng,3,3,3,3,2,3,2,3,3,4,4,3,3,4,4,3,3,2,3,3,4,3
C0247,18-24,Nam,Thỉnh thoảng,4,4,4,4,4,4,4,5,5,4,4,4,4,4,4,4,4,4,4,4,4,4
C0248,18-24,Nữ,Thường xuyên,3,3,4,3,4,4,4,4,3,3,3,3,2,2,2,3,3,3,3,3,3,3
C0249,25-34,Nam,Thỉnh thoảng,4,3,4,4,4,4,4,3,3,3,3,3,3,3,3,4,3,2,4,3,3,3
C0250,25-34,Nữ,Lần đầu,3,3,3,3,4,4,4,4,4,4,4,3,3,3,3,3,3,3,3,3,3,3
C0251,35-44,Nữ,Rất thường xuyên,4,4,4,4,5,4,4,5,3,3,4,3,4,5,4,5,3,5,4,4,4,4
C0252,18-24,Nam,Lần đầu,5,5,5,5,4,3,4,4,4,4,5,4,3,3,4,4,3,4,4,4,4,4
C0253,25-34,Nữ,Thỉnh thoảng,4,4,4,4,3,2,3,3,3,4,4,4,4,4,4,4,4,4,4,3,3,4
C0254,18-24,Nữ,Thỉnh thoảng,5,5,4,4,5,4,4,4,4,4,5,5,4,4,4,4,4,5,4,4,5,4
C0255,35-44,Nữ,Thỉnh thoảng,4,5,4,3,4,5,5,5,4,3,4,3,4,4,3,5,4,3,4,4,4,4
C0256,55+,Nam,Thỉnh thoảng,4,4,4,4,4,4,5,4,4,3,3,3,4,4,3,3,3,3,4,4,3,4
C0257,45-54,Nam,Thường xuyên,2,2,3,3,4,4,4,4,4,4,4,3,4,4,4,4,4,3,4,3,4,4
C0258,35-44,Nữ,Thỉnh thoảng,5,4,4,4,5,5,4,5,4,4,4,3,3,4,4,4,4,4,3,4,4,5
C0259,25-34,Nam,Thường xuyên,4,5,4,4,4,4,4,4,3,4,3,4,5,5,5,4,5,4,4,4,4,4
C0260,18-24,Nữ,Thường xuyên,3,3,3,3,5,4,5,4,4,5,4,4,3,4,4,4,4,4,4,4,5,5
C0261,35-44,Nam,Rất thường xuyên,4,5,4,4,5,4,4,4,4,4,5,4,4,5,4,4,4,3,4,5,4,4
C0262,45-54,Nữ,Thỉnh thoảng,5,5,5,5,3,3,2,4,4,4,5,4,4,4,4,4,3,3,3,4,4,5
C0263,18-24,Nam,Thường xuyên,4,5,4,4,4,4,3,3,5,4,4,5,3,4,3,4,5,5,5,4,4,4
C0264,35-44,Nữ,Rất thường xuyên,5,5,4,5,4,4,4,4,4,4,5,4,4,5,5,5,4,4,5,4,4,4
C0265,25-34,Nữ,Lần đầu,4,4,4,4,4,4,4,3,3,4,4,4,3,4,3,3,3,3,4,4,3,4
C0266,25-34,Nữ,Thường xuyên,4,4,4,4,5,5,4,5,3,3,4,4,3,4,3,3,4,3,4,3,4,4
C0267,25-34,Nữ,Thỉnh thoảng,4,4,4,4,5,5,5,4,3,3,3,2,4,4,4,5,4,4,4,3,3,3
C0268,45-54,Nam,Lần đầu,3,3,4,3,3,4,3,3,3,3,3,3,4,4,3,4,3,4,4,3,3,3
C0269,35-44,Nữ,Thường xuyên,4,3,3,4,4,3,4,4,4,4,4,3,3,4,4,3,4,3,3,4,4,4
C0270,45-54,Nữ,Thường xuyên,4,4,4,4,4,4,4,4,5,5,5,5,5,5,5,5,4,5,5,5,5,5
C0271,25-34,Nam,Thường xuyên,4,4,4,3,4,5,4,4,4,4,3,4,3,3,4,3,4,4,4,4,4,4
C0272,45-54,Nữ,Rất thường xuyên,4,4,4,4,4,5,5,5,4,4,4,4,4,4,3,4,3,3,2,4,4,4
C0273,35-44,Nam,Lần đầu,3,4,4,4,3,3,3,3,4,4,4,4,3,2,3,3,3,3,3,4,4,3
C0274,18-24,Nữ,Thường xuyên,4,4,4,4,4,3,4,4,4,4,5,4,4,4,3,4,4,3,3,4,3,4
C0275,18-24,Nữ,Lần đầu,3,3,3,3,4,4,4,3,4,5,4,4,5,4,4,5,3,3,3,4,4,4
C0276,18-24,Nữ,Rất thường xuyên,5,5,5,5,5,4,4,4,4,4,4,4,4,5,4,5,5,5,5,4,5,5
C0277,25-34,Nam,Thỉnh thoảng,4,3,3,3,3,3,3,3,4,4,4,5,3,4,4,4,3,3,3,4,3,4
C0278,25-34,Nữ,Thỉnh thoảng,3,3,3,3,4,5,4,4,5,5,5,5,4,4,4,4,3,3,4,4,4,4
C0279,45-54,Nữ,Thỉnh thoảng,3,3,3,2,4,3,4,4,3,4,3,5,3,4,4,3,3,4,4,4,4,4
C0280,25-34,Nam,Thỉnh thoảng,4,4,3,4,4,4,4,4,5,5,4,4,4,5,4,4,4,5,4,4,4,4
C0281,35-44,Nam,Lần đầu,4,4,4,4,4,4,4,3,4,5,4,4,4,4,4,4,3,3,3,5,4,4
C0282,35-44,Nam,Thường xuyên,4,4,4,4,4,4,4,4,4,4,5,4,4,4,3,4,4,3,4,5,5,5
C0283,18-24,Nữ,Thường xuyên,4,4,4,4,4,4,5,4,4,4,3,4,5,5,5,4,4,4,4,3,4,4
C0284,25-34,Nữ,Thường xuyên,4,5,5,5,4,5,4,4,3,3,3,4,4,4,4,4,4,4,4,4,4,4
C0285,45-54,Nữ,Lần đầu,3,4,4,4,3,3,4,3,4,3,4,4,4,4,3,4,4,3,3,4,4,3
C0286,25-34,Nam,Thỉnh thoảng,4,4,4,4,4,4,5,5,4,4,4,4,5,5,5,5,4,4,4,5,4,4
C0287,25-34,Nam,Thường xuyên,4,4,4,3,3,3,4,4,4,4,4,4,5,5,5,4,3,4,4,3,4,4
C0288,25-34,Nữ,Thỉnh thoảng,4,4,4,5,4,4,4,4,4,4,4,4,4,5,4,4,5,5,5,4,4,4
C0289,25-34,Nam,Thỉnh thoảng,5,4,5,5,5,4,5,5,4,4,4,4,4,4,5,4,4,4,4,4,4,4
C0290,25-34,Nam,Lần đầu,3,3,3,3,4,4,4,4,4,5,4,5,4,4,4,4,3,4,4,4,4,4
C0291,18-24,Nữ,Rất thường xuyên,4,4,3,5,5,5,5,5,4,4,3,4,5,5,5,5,4,4,3,5,5,4
C0292,35-44,Nam,Lần đầu,4,4,4,4,5,4,4,4,4,3,4,3,5,4,4,4,5,5,5,5,4,4
C0293,35-44,Nam,Thường xuyên,4,3,4,4,3,3,3,4,4,4,3,4,4,3,3,4,4,4,4,3,3,3
C0294,18-24,Nam,Thỉnh thoảng,4,5,4,4,3,3,4,4,4,5,4,5,4,3,4,3,4,3,3,4,4,4
C0295,55+,Nam,Thường xuyên,5,5,4,5,5,5,5,5,3,5,4,4,3,4,4,3,4,3,3,4,5,5
C0296,35-44,Nữ,Thỉnh thoảng,4,4,4,4,5,4,4,4,4,5,4,4,5,4,4,5,3,4,4,5,4,4
C0297,25-34,Nam,Thường xuyên,4,4,4,3,4,4,4,4,2,3,3,3,5,5,5,5,3,4,5,4,4,4
C0298,25-34,Nam,Thường xuyên,4,4,4,4,3,4,4,4,4,4,4,5,5,5,4,4,4,4,5,4,4,4
C0299,45-54,Nữ,Thỉnh thoảng,4,5,4,4,5,4,3,4,4,4,3,4,4,4,4,4,4,4,4,4,3,4
C0300,35-44,Nữ,Thỉnh thoảng,5,5,5,4,4,5,4,5,4,4,4,4,4,4,4,4,5,5,5,5,5,5
C0301,25-34,Nữ,Thỉnh thoảng,4,5,4,4,5,5,5,5,4,4,4,4,5,5,4,5,4,4,5,5,5,5
C0302,35-44,Nữ,Thường xuyên,3,3,4,3,4,3,3,3,5,5,4,4,4,4,4,4,4,4,4,4,4,4
C0303,18-24,Nữ,Rất thường xuyên,4,5,5,5,4,4,4,5,4,4,4,4,4,4,3,4,3,4,3,3,4,4
C0304,55+,Nữ,Thỉnh thoảng,4,5,4,4,4,4,4,5,4,4,5,4,4,4,4,4,4,4,4,3,4,4
C0305,45-54,Nam,Rất thường xuyên,4,4,4,4,3,4,3,3,3,3,3,3,3,3,2,4,4,3,3,4,3,4
C0306,18-24,Nữ,Thường xuyên,4,5,4,4,3,4,4,4,3,3,2,3,3,3,3,3,2,3,3,4,4,4
C0307,55+,Nam,Lần đầu,4,5,4,4,4,5,4,5,4,3,4,4,4,4,4,4,4,4,4,4,4,5
C0308,25-34,Nữ,Thỉnh thoảng,4,4,3,4,4,5,4,4,3,4,4,3,4,5,4,5,5,4,4,4,4,4
C0309,25-34,Nam,Thỉnh thoảng,4,5,5,4,4,3,3,4,3,3,4,4,3,2,2,2,4,4,4,4,4,5
C0310,18-24,Nữ,Rất thường xuyên,3,4,3,3,5,5,5,5,3,4,3,4,3,3,3,3,3,4,4,4,4,4
C0311,45-54,Nam,Thường xuyên,3,3,3,3,4,4,4,3,5,5,5,4,5,5,4,4,4,5,4,4,4,4
C0312,35-44,Nam,Thường xuyên,5,4,5,4,4,4,4,4,5,4,5,4,4,5,5,4,4,4,4,5,5,5
C0313,18-24,Nam,Thường xuyên,3,3,3,3,4,4,5,5,5,4,5,5,4,4,4,4,4,3,4,4,4,4
C0314,35-44,Nữ,Thỉnh thoảng,4,4,4,3,3,3,4,3,4,4,4,4,2,3,2,3,3,4,3,3,4,4
C0315,25-34,Nữ,Rất thường xuyên,3,3,4,3,5,4,4,3,5,5,5,4,3,3,4,4,4,4,4,4,4,4
C0316,25-34,Nam,Lần đầu,4,4,4,4,4,4,4,4,4,3,4,5,3,3,3,3,3,3,4,3,4,3
C0317,35-44,Nam,Rất thường xuyên,4,4,4,4,4,3,3,3,4,5,5,5,3,4,3,4,4,4,4,4,4,4
C0318,18-24,Nữ,Lần đầu,4,5,4,4,5,5,5,5,4,4,4,4,3,3,3,3,4,3,4,4,5,4
C0319,18-24,Nữ,Thỉnh thoảng,4,4,4,5,4,4,4,4,4,5,4,5,4,4,4,3,5,5,4,4,4,5
C0320,45-54,Nam,Lần đầu,5,5,5,4,4,4,4,5,4,5,5,4,5,4,4,3,5,5,5,5,5,4
C0321,18-24,Nữ,Thỉnh thoảng,5,4,4,4,4,4,5,4,3,3,4,3,4,4,3,3,3,3,4,3,4,4
C0322,35-44,Nam,Rất thường xuyên,4,4,4,4,5,4,4,5,3,3,4,3,4,4,4,4,3,3,4,4,4,4
C0323,25-34,Nữ,Thường xuyên,4,4,3,4,3,4,4,4,5,5,5,5,4,4,4,4,4,4,4,5,4,5
C0324,35-44,Nam,Rất thường xuyên,4,4,3,3,4,4,4,4,5,5,4,4,5,4,5,5,4,4,4,4,4,4
C0325,25-34,Nữ,Thường xuyên,4,4,4,5,4,4,4,3,4,4,3,4,4,3,3,4,4,4,3,4,4,3
C0326,25-34,Nữ,Thường xuyên,3,3,3,3,4,4,4,4,3,4,4,3,4,3,4,4,2,3,3,3,3,4
C0327,25-34,Nữ,Thỉnh thoảng,3,3,3,4,4,5,4,4,5,5,4,4,3,3,4,3,4,5,5,4,4,4
C0328,25-34,Nam,Thỉnh thoảng,4,4,4,4,3,3,4,3,4,3,4,4,5,4,4,4,4,4,5,4,4,4
C0329,45-54,Nam,Thỉnh thoảng,4,4,4,4,4,4,4,4,4,5,4,4,4,4,4,3,5,5,5,5,4,4
C0330,45-54,Nữ,Rất thường xuyên,4,3,4,4,4,4,4,4,4,4,4,3,4,5,4,4,4,5,4,4,4,4
C0331,25-34,Nữ,Thường xuyên,4,4,3,4,4,4,4,4,5,4,5,4,4,4,4,4,3,2,3,4,4,4
C0332,35-44,Nữ,Thỉnh thoảng,4,4,5,4,3,4,3,3,3,3,3,3,4,3,3,4,4,4,4,4,4,4
C0333,18-24,Nam,Thỉnh thoảng,5,5,5,5,5,5,4,5,4,4,5,4,4,5,5,4,4,4,4,4,4,4
C0334,18-24,Nữ,Rất thường xuyên,5,5,5,5,5,5,5,5,5,4,5,4,5,4,5,4,5,4,4,5,5,4
C0335,18-24,Nữ,Rất thường xuyên,4,4,5,4,4,4,5,4,5,5,5,4,5,4,5,4,5,5,4,4,5,4
C0336,25-34,Nam,Thường xuyên,4,5,4,4,4,4,4,5,3,4,4,4,5,5,4,4,5,5,4,5,4,5
C0337,35-44,Nam,Lần đầu,4,3,4,3,4,4,4,4,4,3,4,3,4,3,4,4,4,5,5,3,4,4
C0338,35-44,Nam,Thỉnh thoảng,2,3,3,3,4,4,4,4,5,4,3,4,4,3,3,3,4,3,3,4,3,4
C0339,25-34,Nữ,Thường xuyên,4,4,4,4,3,3,3,4,4,4,3,3,4,4,4,4,2,2,3,3,4,3
C0340,18-24,Nữ,Thỉnh thoảng,4,4,5,4,4,4,4,4,4,4,4,4,5,4,5,5,5,4,5,4,4,5
C0341,45-54,Nam,Rất thường xuyên,4,4,4,4,3,3,3,3,4,5,4,4,4,4,4,4,4,4,4,4,4,4
C0342,18-24,Nam,Lần đầu,4,3,4,3,3,4,5,4,4,4,4,4,4,5,4,4,4,4,4,4,4,5
C0343,45-54,Nữ,Rất thường xuyên,4,4,4,4,4,4,4,4,3,4,4,4,4,3,4,4,4,4,4,4,5,4
C0344,18-24,Nữ,Thường xuyên,4,4,4,4,4,4,4,4,4,4,4,4,3,4,4,4,4,4,4,4,4,4
C0345,45-54,Nữ,Lần đầu,4,4,4,3,4,4,4,3,3,4,4,4,3,4,4,3,4,5,4,4,3,4
C0346,25-34,Nữ,Thỉnh thoảng,4,4,4,5,3,4,3,4,3,3,3,3,5,5,5,5,4,4,5,3,3,3
C0347,55+,Nữ,Rất thường xuyên,5,4,5,4,4,4,4,4,5,4,5,4,5,5,5,5,4,4,4,5,4,4
C0348,45-54,Nữ,Thỉnh thoảng,4,3,4,4,5,5,5,5,4,4,4,4,4,4,3,3,5,5,5,4,4,4
C0349,45-54,Nam,Thỉnh thoảng,3,3,4,4,4,5,4,4,5,5,5,4,4,4,3,4,4,4,4,4,3,4
C0350,25-34,Nữ,Thường xuyên,3,3,4,3,5,5,5,4,5,5,5,5,4,3,3,4,3,4,3,4,4,4
C0351,25-34,Nữ,Thỉnh thoảng,5,5,4,5,5,4,4,4,5,4,5,4,4,4,4,4,4,4,4,4,4,4
C0352,25-34,Nam,Thường xuyên,4,4,4,3,4,4,4,4,4,5,4,4,3,3,4,4,4,4,4,4,4,4
C0353,25-34,Nam,Rất thường xuyên,3,3,4,4,5,4,4,4,4,5,4,5,4,3,3,4,3,4,3,4,4,4
C0354,35-44,Nam,Lần đầu,4,4,4,4,4,3,4,4,5,5,4,4,4,3,3,5,4,4,4,4,4,4
C0355,45-54,Nữ,Thỉnh thoảng,5,4,5,5,5,4,5,5,3,4,4,4,5,5,5,5,5,5,5,5,5,4
C0356,45-54,Nam,Thỉnh thoảng,4,3,3,4,4,3,4,4,4,4,4,5,3,3,4,4,2,3,2,4,4,4
C0357,35-44,Nữ,Rất thường xuyên,4,4,4,4,4,4,4,4,5,5,5,5,4,4,4,4,4,4,4,4,4,4
C0358,35-44,Nữ,Thường xuyên,5,5,5,5,4,4,3,4,3,3,4,3,3,3,4,3,5,4,4,4,4,4
C0359,18-24,Nữ,Lần đầu,4,5,4,4,3,3,4,3,4,4,4,4,3,3,4,4,3,3,3,3,3,4
C0360,18-24,Nữ,Thỉnh thoảng,4,3,4,3,4,5,4,5,4,4,4,4,4,4,4,3,4,5,4,3,4,4
C0361,45-54,Nam,Thỉnh thoảng,4,4,4,5,4,4,4,4,4,5,4,5,4,3,3,3,4,3,3,4,4,4
C0362,25-34,Nữ,Thỉnh thoảng,5,4,4,4,3,3,3,4,4,5,4,5,5,5,4,4,5,4,4,4,4,4
C0363,35-44,Nam,Thỉnh thoảng,4,4,4,5,3,3,3,3,3,3,3,3,3,3,4,4,5,4,5,4,4,4
C0364,35-44,Nữ,Lần đầu,3,4,4,4,5,5,5,5,5,4,5,5,5,4,5,4,5,4,4,4,4,4
C0365,25-34,Nữ,Thường xuyên,3,4,3,3,3,3,3,2,3,2,3,3,4,4,4,3,4,4,5,4,3,4
C0366,25-34,Nữ,Thường xuyên,4,4,3,4,4,4,4,4,4,4,5,4,3,3,3,3,4,4,4,4,4,4
C0367,25-34,Nam,Rất thường xuyên,3,3,3,3,3,3,4,3,3,4,3,3,2,3,3,3,4,3,3,4,3,3
C0368,25-34,Nữ,Thường xuyên,4,4,5,4,3,4,4,4,2,3,3,3,3,4,3,3,3,4,4,3,3,4
C0369,35-44,Nữ,Thường xuyên,4,4,4,5,5,5,5,4,3,3,4,4,3,4,4,3,4,4,5,4,4,4
C0370,35-44,Nam,Lần đầu,5,4,4,4,4,3,4,3,4,5,4,4,5,5,5,5,4,5,5,5,5,5
C0371,45-54,Nam,Lần đầu,4,4,5,4,4,4,4,4,5,5,5,4,5,5,5,5,4,4,4,4,5,5
C0372,25-34,Nữ,Rất thường xuyên,5,4,4,4,5,4,4,5,5,5,4,5,4,5,5,5,4,5,4,4,4,4
C0373,45-54,Nam,Thỉnh thoảng,4,4,4,4,4,4,5,4,4,4,4,3,4,4,4,4,5,5,4,4,4,4
C0374,18-24,Nam,Rất thường xuyên,4,4,4,3,3,3,4,3,5,5,5,5,4,4,4,4,3,3,4,4,4,4
C0375,18-24,Nam,Lần đầu,4,4,4,4,5,5,5,5,5,4,4,5,4,5,4,5,4,5,4,5,5,4
C0376,18-24,Nam,Thỉnh thoảng,4,4,4,4,4,4,4,4,4,3,4,3,4,4,3,3,5,5,5,5,4,4
C0377,18-24,Nữ,Rất thường xuyên,4,4,4,4,2,3,3,3,5,4,4,4,4,4,3,4,3,3,3,4,3,3
C0378,55+,Nữ,Thường xuyên,4,4,4,4,4,4,4,4,4,4,4,4,4,5,5,5,4,4,4,4,4,5
C0379,18-24,Nam,Thỉnh thoảng,4,4,5,4,3,3,3,3,3,3,4,3,4,5,4,4,4,5,4,4,4,4
C0380,25-34,Nữ,Thường xuyên,4,3,4,4,5,4,4,4,4,4,4,4,5,4,4,4,3,3,3,4,4,4
C0381,18-24,Nữ,Thường xuyên,4,4,4,4,4,4,4,4,4,3,4,4,5,4,5,5,4,3,4,4,4,4
C0382,25-34,Nữ,Thường xuyên,4,4,5,5,4,4,4,4,5,4,4,4,5,5,5,5,5,5,5,4,4,4
C0383,35-44,Nữ,Thỉnh thoảng,3,4,4,4,3,3,3,3,4,4,4,5,4,4,4,3,3,4,4,4,4,4
C0384,35-44,Nữ,Thường xuyên,4,3,4,4,4,3,4,3,3,3,3,3,4,3,3,4,3,3,3,4,4,4
C0385,25-34,Nữ,Thỉnh thoảng,4,3,4,2,3,3,3,3,4,4,3,3,4,3,3,3,3,3,3,3,3,3
C0386,18-24,Nam,Thỉnh thoảng,4,4,5,4,5,4,5,4,3,3,3,3,4,4,4,4,3,3,3,4,5,3
C0387,18-24,Nữ,Thường xuyên,4,5,5,5,4,5,5,5,4,4,3,4,4,3,3,4,4,5,4,4,4,5
C0388,35-44,Nam,Thường xuyên,5,5,5,4,4,4,4,4,3,4,4,4,4,5,5,4,4,4,4,5,5,4
C0389,35-44,Nam,Lần đầu,4,4,5,4,4,4,4,4,3,3,3,4,4,4,4,3,3,3,3,3,3,4
C0390,18-24,Nữ,Thỉnh thoảng,4,4,4,5,4,3,4,4,5,5,4,4,3,3,2,3,4,3,4,5,5,5
C0391,45-54,Nam,Thỉnh thoảng,3,4,4,4,3,4,3,3,3,3,3,3,3,4,3,3,4,4,4,4,4,4
C0392,25-34,Nữ,Thỉnh thoảng,5,5,5,5,4,4,4,4,4,4,4,4,3,3,3,3,5,5,5,4,4,4
C0393,18-24,Nữ,Thỉnh thoảng,4,5,5,4,4,4,4,4,4,4,4,4,4,3,4,4,3,4,4,4,3,3
C0394,25-34,Nam,Thỉnh thoảng,4,5,5,5,3,4,3,3,4,3,3,3,3,3,3,4,4,5,5,4,4,4
C0395,25-34,Nữ,Thỉnh thoảng,4,4,3,4,3,4,3,4,4,4,4,4,3,3,3,3,4,4,4,3,3,4
C0396,35-44,Nữ,Lần đầu,4,4,4,4,3,3,3,3,4,3,3,4,4,4,3,3,5,4,5,4,4,4
C0397,25-34,Nam,Thỉnh thoảng,4,3,3,3,4,5,5,5,3,4,3,3,4,4,4,4,3,3,3,4,4,4
C0398,45-54,Nữ,Thỉnh thoảng,5,5,4,4,4,3,3,4,4,5,5,4,4,5,4,4,5,4,4,5,4,5
C0399,18-24,Nam,Thỉnh thoảng,4,4,4,4,4,4,5,4,4,4,3,4,3,3,3,2,3,3,3,4,4,4
C0400,25-34,Nam,Thường xuyên,3,3,3,3,3,3,3,3,3,4,4,4,5,4,4,4,3,3,3,4,3,3
C0401,25-34,Nữ,Rất thường xuyên,5,5,5,5,5,4,4,5,5,4,5,5,4,4,3,3,4,4,4,5,5,4
C0402,35-44,Nữ,Lần đầu,3,3,3,3,4,4,3,3,4,4,4,4,3,4,4,4,4,4,4,3,3,4
C0403,25-34,Nữ,Rất thường xuyên,5,5,4,4,4,4,4,4,4,5,5,5,3,4,3,4,5,4,3,4,4,4
C0404,35-44,Nữ,Thỉnh thoảng,3,4,4,4,4,4,4,4,3,3,3,3,4,4,4,3,4,3,3,3,4,3
C0405,55+,Nữ,Thỉnh thoảng,4,4,4,4,4,4,4,4,5,5,4,5,4,3,3,4,5,5,5,4,4,4
C0406,25-34,Nam,Rất thường xuyên,3,4,4,4,3,3,4,3,4,3,3,3,4,4,4,4,4,5,4,4,4,3
C0407,55+,Nam,Thường xuyên,4,5,5,5,4,4,5,4,4,4,4,4,4,4,3,3,5,5,4,4,4,3
C0408,35-44,Nữ,Thỉnh thoảng,4,3,4,4,4,5,5,5,4,4,4,4,4,5,4,5,5,5,5,5,5,5
C0409,18-24,Nữ,Thỉnh thoảng,4,4,3,4,2,3,4,2,3,3,3,4,4,4,3,3,3,3,4,3,4,4
C0410,18-24,Nữ,Thường xuyên,4,4,4,4,5,5,4,5,4,3,4,3,4,4,5,5,4,4,5,4,4,5
C0411,45-54,Nam,Thường xuyên,5,4,4,4,5,4,4,5,3,4,3,3,4,3,4,4,5,4,4,4,4,5
C0412,25-34,Nam,Thỉnh thoảng,4,3,3,3,4,4,4,3,3,3,3,3,4,3,3,3,4,4,4,3,4,3
C0413,25-34,Nam,Thường xuyên,4,4,4,4,3,5,5,5,4,4,3,3,4,3,4,4,4,4,3,4,4,4
C0414,45-54,Nữ,Thường xuyên,4,3,4,4,4,4,3,4,4,5,3,4,4,5,5,4,4,4,5,4,4,4
C0415,35-44,Nam,Thỉnh thoảng,3,4,3,4,4,4,4,3,4,5,4,5,3,4,3,4,3,3,4,4,4,4
C0416,35-44,Nữ,Rất thường xuyên,4,4,4,3,4,4,5,4,5,4,4,4,4,3,3,3,3,4,4,4,4,4
C0417,25-34,Nam,Thường xuyên,4,4,4,4,4,5,5,5,4,4,3,3,4,5,4,4,5,5,4,4,4,4
C0418,25-34,Nam,Thỉnh thoảng,4,4,4,3,4,4,4,5,4,5,4,4,4,3,4,4,4,4,3,4,4,4
C0419,35-44,Nam,Rất thường xuyên,5,5,5,5,4,4,4,4,5,5,5,5,3,3,3,3,4,4,3,4,5,4
C0420,25-34,Nam,Thỉnh thoảng,3,4,3,4,4,4,4,3,3,3,3,3,3,3,2,2,3,3,3,3,3,4
C0421,25-34,Nam,Thỉnh thoảng,4,4,4,3,3,3,3,3,3,3,3,3,3,4,4,4,3,3,3,4,3,3
C0422,25-34,Nam,Thỉnh thoảng,4,4,4,4,4,4,4,3,3,4,4,3,5,4,3,5,2,3,3,5,4,5
C0423,18-24,Nữ,Thỉnh thoảng,5,5,5,5,5,5,5,5,3,3,3,3,4,4,4,4,3,3,3,4,4,4
C0424,25-34,Nữ,Thường xuyên,5,5,5,4,3,3,4,3,4,5,4,4,5,4,4,4,5,4,5,4,4,4
C0425,18-24,Nam,Lần đầu,5,4,5,4,4,4,5,4,3,3,3,2,5,5,5,5,5,5,5,5,4,4
C0426,35-44,Nữ,Thường xuyên,4,4,4,4,3,4,3,4,4,3,4,4,4,4,3,4,3,3,3,4,4,4
C0427,25-34,Nữ,Lần đầu,5,4,4,4,4,5,4,4,4,5,3,5,3,4,4,3,4,4,4,4,4,4
C0428,25-34,Nữ,Thường xuyên,3,3,3,3,3,4,4,4,4,3,4,3,4,3,3,4,4,3,4,4,4,4
C0429,18-24,Nam,Thường xuyên,4,4,3,4,5,4,4,4,4,4,4,3,5,5,5,5,4,4,4,4,4,4
C0430,18-24,Nam,Lần đầu,3,4,3,3,3,4,4,5,4,4,4,3,4,5,5,4,4,4,4,4,3,4
C0431,18-24,Nữ,Thường xuyên,3,3,3,3,5,4,4,4,4,4,4,4,4,4,4,4,5,5,5,4,4,4
C0432,25-34,Nữ,Thỉnh thoảng,3,3,3,3,5,4,5,5,3,3,3,3,3,4,3,4,3,3,2,4,3,4
C0433,35-44,Nam,Thỉnh thoảng,5,5,5,5,5,4,5,5,4,4,4,4,4,3,3,4,3,4,3,4,4,4
C0434,45-54,Nam,Lần đầu,4,3,3,3,5,4,4,4,4,4,5,5,3,4,4,4,5,5,5,5,4,4
C0435,35-44,Nữ,Thỉnh thoảng,4,4,4,4,4,5,4,5,3,3,3,3,5,5,5,5,4,5,4,4,4,4
C0436,18-24,Nữ,Lần đầu,4,4,4,4,3,3,3,3,3,3,3,3,4,4,4,4,4,4,4,4,4,4
C0437,35-44,Nam,Thỉnh thoảng,4,5,5,5,4,4,5,4,5,4,4,4,4,5,4,4,5,5,5,5,4,5
C0438,18-24,Nam,Thường xuyên,5,3,4,4,4,4,4,4,4,4,4,5,4,4,4,4,4,4,3,4,4,3
C0439,45-54,Nam,Thường xuyên,4,4,4,4,4,4,4,4,4,4,4,4,4,3,4,4,5,4,4,4,4,4
C0440,18-24,Nam,Lần đầu,5,5,5,5,5,5,4,5,4,4,3,4,3,5,4,4,5,4,5,5,5,4
C0441,25-34,Nữ,Thỉnh thoảng,5,5,5,4,4,5,4,4,3,3,3,4,5,5,5,5,4,4,4,4,5,4
C0442,35-44,Nữ,Thỉnh thoảng,3,3,4,3,4,4,4,4,3,4,4,3,3,3,4,4,3,3,4,4,3,3
C0443,25-34,Nữ,Thỉnh thoảng,4,4,4,4,4,4,5,5,4,4,4,4,4,4,4,4,4,4,4,4,3,3
C0444,25-34,Nữ,Lần đầu,4,4,4,4,4,4,4,4,4,3,4,3,5,4,4,5,4,4,4,4,4,4
C0445,35-44,Nữ,Thường xuyên,3,3,3,2,4,4,4,4,3,4,3,3,3,4,3,4,2,3,3,3,3,3
C0446,25-34,Nam,Thường xuyên,4,4,4,4,3,4,4,4,3,3,3,3,4,4,3,3,4,5,4,4,4,4
C0447,18-24,Nam,Thường xuyên,4,4,4,4,3,3,2,3,3,3,4,4,3,2,3,3,4,4,4,3,4,4
C0448,18-24,Nam,Thỉnh thoảng,4,4,4,4,3,3,3,3,2,3,3,3,4,4,5,5,2,2,3,3,3,4
C0449,25-34,Nam,Thỉnh thoảng,4,3,3,4,4,4,4,4,3,4,3,4,4,4,4,4,3,3,3,4,4,4
C0450,18-24,Nữ,Rất thường xuyên,3,4,3,3,4,5,5,5,4,4,5,4,4,4,4,4,5,5,5,5,4,4
C0451,25-34,Nữ,Lần đầu,4,4,4,4,4,4,3,3,3,3,3,4,4,4,4,4,3,4,4,4,4,3
C0452,35-44,Nam,Thỉnh thoảng,4,3,3,3,3,3,3,3,4,4,5,4,3,3,3,3,5,4,5,4,3,4
C0453,25-34,Nam,Thường xuyên,4,4,3,3,4,4,3,4,4,4,4,3,4,4,4,4,4,4,4,3,4,4
C0454,25-34,Nữ,Rất thường xuyên,3,4,3,4,4,3,3,4,3,3,3,3,4,4,3,4,3,2,3,3,3,3
C0455,25-34,Nam,Lần đầu,4,4,4,4,4,4,5,4,4,5,4,4,4,3,4,4,3,3,3,4,4,3
C0456,25-34,Nam,Rất thường xuyên,4,4,4,4,3,4,4,4,4,4,4,5,3,4,3,4,4,4,4,4,3,4
C0457,25-34,Nam,Thỉnh thoảng,4,5,4,4,5,4,4,4,4,4,3,4,4,5,4,4,4,3,3,4,4,4
C0458,35-44,Nữ,Thỉnh thoảng,4,4,4,4,4,3,4,4,5,4,4,4,4,4,4,4,5,4,5,4,4,5
C0459,18-24,Nam,Lần đầu,4,5,4,4,3,3,3,4,4,4,3,4,5,4,4,4,5,5,4,4,4,5
C0460,35-44,Nữ,Thỉnh thoảng,5,5,5,4,5,4,4,4,3,4,3,4,4,5,5,4,4,4,4,3,4,4
C0461,25-34,Nữ,Thỉnh thoảng,4,4,3,4,4,4,5,4,4,4,4,4,3,4,4,4,3,3,4,4,4,4
C0462,25-34,Nữ,Thường xuyên,4,5,5,5,3,3,3,4,4,4,5,3,4,5,4,3,4,3,4,5,5,4
C0463,45-54,Nữ,Thỉnh thoảng,4,4,4,4,4,4,4,4,5,4,4,4,4,4,4,4,4,3,4,4,5,4
C0464,25-34,Nam,Thỉnh thoảng,4,4,4,4,4,4,5,5,4,4,4,3,4,3,4,3,3,3,3,3,4,3
C0465,35-44,Nữ,Lần đầu,4,4,3,4,3,3,3,3,4,3,3,4,4,4,4,4,4,4,4,3,4,3
C0466,35-44,Nam,Thỉnh thoảng,5,4,4,5,3,4,4,4,4,4,4,4,4,4,3,4,4,4,4,3,4,4
C0467,25-34,Nữ,Thỉnh thoảng,5,5,4,5,3,4,4,4,4,4,4,4,4,3,4,4,4,4,4,4,3,4
C0468,35-44,Nữ,Rất thường xuyên,3,4,4,3,3,3,3,3,3,4,4,4,3,4,4,4,4,4,5,4,4,3
C0469,25-34,Nữ,Lần đầu,4,4,4,4,3,4,3,4,3,4,4,5,4,3,4,4,4,4,3,4,4,4
C0470,25-34,Nữ,Rất thường xuyên,4,4,3,5,3,3,3,3,3,3,4,3,4,4,4,4,3,2,3,4,4,3
C0471,45-54,Nữ,Thỉnh thoảng,4,4,5,4,4,3,3,4,4,4,5,5,4,4,4,5,5,4,5,4,4,4
C0472,45-54,Nam,Thỉnh thoảng,4,3,4,4,4,4,4,4,3,3,4,4,4,3,3,3,4,3,4,4,3,4
C0473,25-34,Nam,Rất thường xuyên,5,5,5,5,4,4,4,4,4,4,5,3,4,5,4,4,4,4,4,4,4,4
C0474,25-34,Nữ,Thường xuyên,4,4,3,4,3,3,4,3,4,4,4,4,3,3,4,3,3,4,4,4,4,3
C0475,45-54,Nữ,Thỉnh thoảng,5,4,5,4,4,4,3,4,3,4,4,4,4,4,5,5,3,3,4,4,3,3
C0476,45-54,Nam,Thường xuyên,4,5,4,4,4,4,4,4,4,4,4,5,4,4,4,4,4,3,3,4,4,3
C0477,25-34,Nữ,Thỉnh thoảng,5,5,5,5,5,4,5,5,4,5,4,5,4,4,5,4,4,5,5,4,4,4
C0478,35-44,Nam,Thỉnh thoảng,4,4,4,4,4,5,5,4,5,5,5,5,4,4,4,4,4,4,5,4,4,4
C0479,35-44,Nam,Thường xuyên,4,4,4,4,3,3,4,3,3,3,3,3,4,4,4,4,4,4,4,4,4,3
C0480,18-24,Nữ,Thỉnh thoảng,4,3,3,3,5,5,4,4,4,3,4,4,4,4,4,3,5,5,5,4,4,4
C0481,35-44,Nam,Thỉnh thoảng,5,5,5,5,3,3,3,3,4,4,4,4,4,4,4,3,4,4,4,3,4,4
C0482,18-24,Nữ,Thường xuyên,4,4,4,4,3,4,3,3,4,4,4,4,4,4,4,4,4,4,4,4,4,4
C0483,25-34,Nữ,Lần đầu,4,4,4,4,3,3,2,3,3,4,4,4,3,5,3,4,3,3,3,4,4,4
C0484,25-34,Nam,Thỉnh thoảng,3,4,4,4,4,4,3,4,3,4,3,4,4,4,4,4,5,4,4,4,4,4
C0485,25-34,Nam,Thỉnh thoảng,3,4,4,4,3,3,3,3,4,4,3,4,5,5,4,5,4,3,3,4,4,3
C0486,18-24,Nam,Thỉnh thoảng,4,3,3,3,3,4,3,4,4,4,4,3,5,4,4,4,4,3,3,5,4,4
C0487,18-24,Nam,Thỉnh thoảng,4,4,4,4,5,5,4,5,4,4,4,4,4,4,4,4,5,5,5,5,5,5
C0488,25-34,Nữ,Thường xuyên,4,4,5,4,4,5,5,5,4,4,4,4,4,4,4,5,4,5,5,4,5,4
C0489,35-44,Nam,Thỉnh thoảng,3,3,3,3,4,4,3,3,4,4,4,4,3,3,4,3,4,3,5,4,4,4
C0490,45-54,Nữ,Thỉnh thoảng,4,4,4,4,4,4,4,4,3,3,3,4,3,4,4,4,4,4,4,4,4,4
C0491,35-44,Nam,Thỉnh thoảng,4,5,4,4,4,3,3,3,3,4,3,4,4,5,5,4,5,5,4,4,3,4
C0492,18-24,Nam,Thỉnh thoảng,4,4,4,4,3,3,4,3,4,4,4,3,4,4,5,5,4,4,4,4,4,3
C0493,45-54,Nữ,Thường xuyên,5,5,5,5,3,4,3,3,4,5,4,5,4,4,4,4,4,3,4,4,4,4
C0494,35-44,Nam,Thỉnh thoảng,4,4,4,4,5,4,5,4,4,3,4,4,4,4,5,4,4,5,5,4,4,5
C0495,45-54,Nam,Thỉnh thoảng,4,4,4,5,4,4,4,4,4,4,4,4,5,5,5,5,4,5,5,4,4,4
C0496,18-24,Nam,Lần đầu,4,3,4,3,4,3,4,4,4,5,5,5,4,4,4,4,4,4,4,4,4,4
C0497,35-44,Nam,Thường xuyên,4,4,4,4,4,4,3,3,4,5,5,4,4,4,3,4,4,4,4,4,4,4
C0498,45-54,Nữ,Thường xuyên,4,4,4,4,5,4,5,5,5,4,5,4,4,4,4,4,3,4,4,4,5,4
C0499,55+,Nữ,Lần đầu,4,4,4,3,3,3,3,4,4,4,3,3,4,4,4,4,3,4,3,4,3,2
C0500,25-34,Nữ,Thỉnh thoảng,4,4,4,3,4,4,5,4,4,3,4,3,4,4,4,4,4,4,3,3,3,4
C0501,25-34,Nữ,Thường xuyên,4,4,4,4,5,4,4,4,4,5,5,5,3,4,4,4,4,4,4,4,4,5
C0502,25-34,Nữ,Rất thường xuyên,4,3,4,3,3,3,4,4,4,5,4,4,5,3,4,4,4,5,5,4,4,4
C0503,18-24,Nữ,Rất thường xuyên,4,4,4,5,4,5,5,4,4,4,3,4,4,4,4,4,4,4,4,4,4,4
C0504,18-24,Nữ,Thường xuyên,4,4,4,3,3,3,3,3,4,4,4,4,4,4,3,3,2,2,2,4,3,4
C0505,25-34,Nam,Thỉnh thoảng,3,4,3,4,3,4,3,3,5,5,4,5,5,4,4,5,3,4,3,4,4,5
C0506,25-34,Nữ,Thỉnh thoảng,4,4,4,4,4,3,3,4,4,4,4,3,5,4,5,4,4,4,4,4,4,4
C0507,25-34,Nam,Lần đầu,4,4,4,4,4,4,4,4,4,4,4,4,4,4,4,5,4,4,4,4,4,4
C0508,35-44,Nữ,Thỉnh thoảng,3,3,3,3,3,4,3,3,3,2,3,3,4,4,3,4,4,5,5,4,3,4
C0509,35-44,Nam,Thỉnh thoảng,4,4,4,4,3,3,3,3,4,4,3,4,4,3,3,4,3,3,3,4,4,4
C0510,25-34,Nữ,Thỉnh thoảng,3,3,3,3,2,3,3,3,3,3,3,3,4,4,4,4,3,3,4,3,3,3
C0511,25-34,Nữ,Thỉnh thoảng,4,4,4,4,5,5,4,4,3,4,4,4,4,5,4,4,3,4,4,4,4,4
C0512,45-54,Nam,Thỉnh thoảng,3,3,3,3,4,4,4,4,4,4,4,4,4,4,3,4,4,4,4,4,4,4
C0513,45-54,Nữ,Thỉnh thoảng,3,3,3,4,3,4,4,4,4,4,4,4,4,3,3,4,3,3,3,3,3,3
C0514,25-34,Nữ,Thỉnh thoảng,3,3,3,3,4,4,3,4,3,3,4,4,4,4,3,4,4,4,4,4,4,3
C0515,25-34,Nữ,Rất thường xuyên,4,3,4,4,5,5,5,4,4,4,4,4,5,4,4,4,5,5,5,5,5,5
C0516,18-24,Nam,Thường xuyên,4,4,4,5,5,4,5,4,4,4,4,4,5,5,4,4,4,4,4,5,5,5
C0517,35-44,Nữ,Thường xuyên,4,4,4,4,4,4,3,4,5,4,4,4,4,4,4,5,3,4,4,4,4,4
C0518,35-44,Nam,Thỉnh thoảng,5,5,4,5,4,3,3,3,3,3,3,3,4,4,4,5,4,4,4,4,4,4
C0519,25-34,Nam,Lần đầu,3,3,4,3,4,5,4,4,3,3,3,3,4,3,3,4,3,3,4,4,4,4
C0520,35-44,Nữ,Thỉnh thoảng,4,5,5,4,4,4,4,4,5,5,4,4,5,5,5,5,5,5,4,4,4,4
C0521,25-34,Nam,Thỉnh thoảng,3,4,3,4,5,4,5,5,4,4,4,5,4,5,4,4,4,4,4,4,4,4
C0522,18-24,Nữ,Thường xuyên,3,3,4,4,4,5,4,4,4,5,4,4,4,4,4,5,4,5,4,4,4,4
C0523,45-54,Nữ,Thỉnh thoảng,4,4,4,4,4,4,4,4,3,3,3,3,3,3,3,3,5,5,5,3,3,3
C0524,45-54,Nữ,Lần đầu,4,4,4,3,3,3,3,3,5,5,4,5,4,3,3,3,4,3,4,4,4,3
C0525,25-34,Nữ,Thường xuyên,3,4,3,4,3,3,4,3,4,4,4,4,4,4,4,4,3,3,3,4,3,5
C0526,25-34,Nữ,Lần đầu,5,4,4,5,5,4,4,4,4,4,4,4,4,4,4,5,3,3,4,4,4,4
C0527,35-44,Nam,Thường xuyên,3,4,3,3,4,4,3,3,3,4,4,3,4,5,5,5,4,3,4,4,3,3
C0528,25-34,Nữ,Thường xuyên,4,4,5,5,4,5,4,5,4,4,4,4,4,3,4,4,3,4,4,4,4,4
C0529,25-34,Nữ,Thỉnh thoảng,4,5,5,5,4,4,5,4,5,5,5,5,5,5,5,5,3,3,4,4,4,4
C0530,35-44,Nữ,Thường xuyên,4,4,4,4,4,4,4,4,5,4,4,4,3,4,4,4,3,3,4,4,4,4
C0531,25-34,Nam,Thường xuyên,4,4,4,4,4,5,4,4,4,4,3,3,5,4,4,4,4,5,4,4,4,4
C0532,25-34,Nam,Lần đầu,3,3,3,4,3,3,3,4,3,4,3,3,5,3,4,4,2,3,3,3,3,3
C0533,35-44,Nữ,Rất thường xuyên,5,4,5,4,3,4,4,4,4,4,3,3,5,4,5,5,4,3,3,4,3,4
C0534,25-34,Nam,Rất thường xuyên,4,4,4,4,3,3,3,3,3,4,3,4,5,4,5,5,4,4,4,3,4,4
C0535,25-34,Nam,Thỉnh thoảng,5,5,5,5,3,3,3,3,4,4,3,4,4,4,3,4,3,3,2,4,4,4
C0536,45-54,Nữ,Thỉnh thoảng,4,5,4,5,5,4,5,5,3,3,3,4,3,3,3,4,3,4,4,4,5,4
C0537,35-44,Nữ,Thường xuyên,4,3,3,3,3,3,4,3,5,4,4,4,4,5,4,5,4,4,3,3,4,3
C0538,55+,Nữ,Thỉnh thoảng,4,4,4,4,5,4,5,4,4,5,4,5,4,4,5,4,4,4,4,4,4,4
C0539,25-34,Nữ,Thỉnh thoảng,4,4,4,4,4,4,4,4,4,4,4,4,4,3,3,3,3,4,2,4,4,4
C0540,35-44,Nam,Thường xuyên,4,4,5,4,4,4,4,4,4,4,3,4,5,5,5,4,5,4,4,4,4,4
C0541,25-34,Nữ,Thỉnh thoảng,4,4,3,4,4,4,4,4,3,3,4,4,3,3,3,3,3,3,3,4,4,5
C0542,45-54,Nam,Thỉnh thoảng,5,4,5,4,5,4,4,4,4,5,4,4,5,5,5,5,4,3,4,4,4,4
C0543,35-44,Nam,Thỉnh thoảng,4,3,4,3,5,5,5,5,3,3,3,4,4,4,4,4,4,4,4,5,5,5
C0544,25-34,Nữ,Thỉnh thoảng,4,4,5,4,4,5,4,4,4,4,4,4,4,5,4,4,4,4,4,4,5,4
C0545,35-44,Nữ,Thỉnh thoảng,4,4,5,4,3,3,3,3,3,4,3,4,4,4,5,5,4,3,4,3,4,4
C0546,25-34,Nữ,Thỉnh thoảng,4,4,4,4,3,4,4,3,5,4,4,4,3,4,3,3,4,4,4,4,4,4
C0547,55+,Nam,Thỉnh thoảng,3,3,4,3,3,4,4,4,4,4,5,5,4,4,4,4,4,4,5,5,4,4
C0548,25-34,Nữ,Lần đầu,4,4,4,4,3,3,3,3,3,3,4,3,4,4,3,4,5,4,4,4,3,4
C0549,25-34,Nam,Thường xuyên,4,4,4,4,4,3,4,4,5,5,4,5,5,5,5,4,4,4,4,4,4,4
C0550,25-34,Nữ,Thỉnh thoảng,4,4,5,4,4,4,4,4,4,4,4,4,4,4,3,4,4,3,4,4,4,4
C0551,25-34,Nữ,Thường xuyên,4,5,4,5,4,4,3,5,4,3,4,4,4,4,4,4,3,3,3,3,3,4
C0552,18-24,Nữ,Thường xuyên,4,5,4,4,3,3,3,3,4,3,4,4,3,4,3,3,3,3,3,4,4,4
C0553,25-34,Nam,Thỉnh thoảng,4,4,4,4,4,4,4,3,4,3,4,4,4,4,4,4,5,4,4,4,4,4
C0554,35-44,Nữ,Thường xuyên,3,4,3,4,3,3,3,3,4,3,3,3,3,4,3,4,3,3,3,3,3,3
C0555,35-44,Nam,Thường xuyên,4,4,4,4,3,3,3,3,4,4,3,3,3,3,3,3,4,4,4,4,4,4
C0556,18-24,Nam,Lần đầu,4,4,3,3,4,4,5,5,5,4,5,5,4,4,4,4,5,4,4,4,5,5
C0557,18-24,Nam,Thường xuyên,3,3,3,3,5,5,5,5,3,3,3,3,4,4,4,4,4,4,4,4,5,4
C0558,55+,Nữ,Thỉnh thoảng,5,5,5,5,4,4,5,5,5,4,5,5,4,4,4,3,4,4,5,4,4,5
C0559,35-44,Nữ,Rất thường xuyên,3,3,3,4,4,4,3,3,4,3,3,4,3,3,3,3,2,3,3,3,3,3
C0560,35-44,Nam,Thường xuyên,4,3,3,3,5,4,4,5,4,4,4,5,4,4,3,3,4,4,5,4,4,4
C0561,18-24,Nữ,Thỉnh thoảng,4,4,3,4,3,4,4,4,4,4,5,4,4,3,3,4,3,4,3,4,4,4
C0562,25-34,Nữ,Lần đầu,4,4,3,4,4,5,5,5,4,4,4,4,4,4,4,4,4,4,4,5,5,4
C0563,25-34,Nam,Thỉnh thoảng,3,5,4,5,4,4,4,3,5,5,4,4,4,5,5,5,5,4,4,5,4,4
C0564,25-34,Nam,Rất thường xuyên,5,5,5,5,5,4,4,4,5,4,5,4,4,4,5,4,4,4,5,5,5,5
C0565,25-34,Nữ,Thường xuyên,4,4,4,3,4,4,3,4,4,4,4,4,4,4,4,4,4,5,5,4,4,4
C0566,35-44,Nữ,Rất thường xuyên,4,4,4,4,4,4,4,3,4,4,4,4,4,5,5,4,4,5,5,4,4,3
C0567,18-24,Nữ,Thỉnh thoảng,4,4,3,4,3,3,3,2,3,3,3,4,4,5,5,5,3,3,3,3,3,3
C0568,35-44,Nam,Thường xuyên,4,3,4,4,3,3,3,4,4,4,4,5,5,5,5,5,3,4,3,4,4,4
C0569,45-54,Nam,Thỉnh thoảng,5,4,4,5,3,3,3,3,3,3,3,3,3,3,2,2,4,4,4,4,4,3
C0570,25-34,Nam,Thỉnh thoảng,4,4,4,4,4,4,4,3,3,4,4,4,5,5,5,4,4,4,5,4,4,4
C0571,35-44,Nữ,Thỉnh thoảng,4,4,4,5,3,3,4,3,4,5,4,4,5,4,4,4,4,5,5,5,4,4
C0572,25-34,Nữ,Rất thường xuyên,3,4,3,4,4,4,3,3,3,3,4,3,4,4,3,4,3,3,3,3,4,3
C0573,35-44,Nam,Thường xuyên,4,4,4,4,4,4,4,4,5,4,5,4,4,4,4,4,3,4,3,4,4,4
C0574,18-24,Nam,Thỉnh thoảng,4,3,4,4,4,5,4,4,4,5,4,4,4,4,4,4,4,3,3,5,4,4
C0575,25-34,Nam,Thường xuyên,3,3,3,2,3,3,3,3,4,4,4,4,3,3,4,4,4,4,4,3,3,3
C0576,35-44,Nam,Lần đầu,5,4,5,5,4,3,3,2,5,4,4,4,3,3,3,3,3,3,3,3,4,3
C0577,18-24,Nữ,Thỉnh thoảng,5,5,5,4,5,5,5,5,4,4,4,4,5,5,5,5,4,5,4,5,4,4
C0578,25-34,Nam,Thỉnh thoảng,4,4,4,4,3,4,3,4,3,4,4,4,4,4,4,3,3,3,3,3,3,4
C0579,18-24,Nam,Thỉnh thoảng,4,4,4,4,5,4,4,4,4,4,4,5,4,4,4,4,4,4,3,4,4,3
C0580,25-34,Nữ,Thỉnh thoảng,5,4,4,4,4,4,3,5,3,2,4,3,4,4,5,4,4,4,5,4,4,4
C0581,35-44,Nam,Lần đầu,4,5,5,5,4,5,4,4,3,3,3,4,5,5,5,4,4,3,4,4,5,4
C0582,35-44,Nam,Thỉnh thoảng,4,4,4,4,4,4,4,4,3,3,3,3,3,4,4,4,3,3,3,4,4,4
C0583,25-34,Nam,Thỉnh thoảng,5,5,5,4,4,4,5,4,3,4,3,3,3,4,3,3,4,4,3,4,4,4
C0584,35-44,Nam,Rất thường xuyên,4,4,5,4,4,4,4,4,4,4,3,4,4,5,5,4,4,4,4,4,4,4
C0585,45-54,Nam,Thỉnh thoảng,3,3,4,4,4,4,4,4,5,4,4,4,4,4,3,4,4,4,4,4,4,4
C0586,18-24,Nữ,Thỉnh thoảng,4,4,4,4,4,4,4,4,3,3,3,4,4,4,4,4,4,4,5,4,3,4
C0587,25-34,Nữ,Lần đầu,3,4,3,4,4,4,4,4,4,4,4,4,5,5,5,5,5,4,5,5,5,4
C0588,25-34,Nam,Lần đầu,3,4,3,3,4,4,4,4,4,4,4,5,4,4,4,3,4,5,4,4,4,4
C0589,25-34,Nữ,Thường xuyên,5,4,4,4,5,4,4,5,5,5,5,4,3,4,4,4,5,5,4,4,4,4
C0590,18-24,Nữ,Lần đầu,4,4,5,4,5,5,5,5,4,5,4,5,4,3,4,4,4,4,4,5,4,4
C0591,25-34,Nữ,Lần đầu,4,4,4,4,4,4,5,5,4,5,4,4,5,5,5,4,4,5,4,3,4,4
C0592,18-24,Nam,Thỉnh thoảng,4,4,5,4,4,4,4,4,4,3,4,3,4,4,4,4,4,4,4,3,4,4
C0593,35-44,Nữ,Lần đầu,5,5,5,5,4,4,4,4,5,4,5,5,4,4,4,4,4,5,4,4,4,4
C0594,25-34,Nam,Rất thường xuyên,4,4,3,4,5,4,5,5,4,4,4,4,4,4,4,3,5,5,4,4,5,4
C0595,18-24,Nam,Thỉnh thoảng,4,4,4,5,3,3,4,3,4,4,4,4,5,5,4,4,3,3,3,4,4,4
C0596,18-24,Nam,Thỉnh thoảng,4,5,4,4,4,3,3,3,5,4,4,5,3,3,4,3,4,5,5,4,4,4
C0597,35-44,Nam,Thỉnh thoảng,4,4,4,3,3,3,3,3,4,4,4,4,4,4,5,5,5,3,4,3,4,4
C0598,18-24,Nữ,Lần đầu,4,4,5,5,5,5,5,5,4,4,4,4,4,4,4,3,5,5,4,5,4,4
C0599,25-34,Nữ,Thỉnh thoảng,3,4,3,3,5,5,5,5,4,3,4,3,5,5,4,5,4,5,4,5,4,5
C0600,35-44,Nữ,Thường xuyên,4,4,4,4,4,4,3,4,5,5,4,5,5,4,5,5,5,4,4,5,5,4
